,Fund Name,P1,P2,P3,P4,P5,Score,Rank
0,M1,0.75,0.56,6.8,56.1,16.05,0.5870387876971178,4
1,M2,0.82,0.67,6.6,40.1,12.05,0.5409883771144124,5
2,M3,0.66,0.44,5.2,69.7,19.0,0.5255732495065487,6
3,M4,0.87,0.76,6.1,62.6,17.58,0.4558665009574215,8
4,M5,0.72,0.52,6.7,57.4,16.34,0.5963947313224651,3
5,M6,0.67,0.45,6.7,33.9,10.43,0.6161867237392755,1
6,M7,0.72,0.52,6.3,46.3,13.46,0.6004738396982736,2
7,M8,0.63,0.4,3.6,63.3,16.98,0.48679115785266547,7
